entity,metric,period,value
Bankco,bank.interest_earned,FY2025,945000000
Bankco,bank.interest_expended,FY2025,567000000
Bankco,bank.provisions,FY2025,78900000
Bankco,bank.employee_cost,FY2025,94500000
Bankco,bank.other_operating_expenses,FY2025,83790000
Bankco,bank.operating_profit,FY2025,205810000
Bankco,bank.earning_assets,FY2025,7892000000
Bankco,total_assets,FY2025,9891000000
Bankco,bank.advances,FY2025,5934600000
Bankco,bank.deposits,FY2025,7912800000
Bankco,bank.casa_deposits,FY2025,3165120000
Bankco,bank.gross_npa,FY2025,296730000
Bankco,bank.net_npa,FY2025,118692000
Bankco,net_profit,FY2025,65795000
Bankco,total_equity,FY2025,792000000
Bankco,bank.interest_earned,FY2026,1089000000
Bankco,bank.interest_expended,FY2026,623700000
Bankco,bank.provisions,FY2026,97200000
Bankco,bank.employee_cost,FY2026,108450000
Bankco,bank.other_operating_expenses,FY2026,96228000
Bankco,bank.operating_profit,FY2026,287722000
Bankco,bank.earning_assets,FY2026,9070300000
Bankco,total_assets,FY2026,11325150000
Bankco,bank.advances,FY2026,6852225000
Bankco,bank.deposits,FY2026,9050400000
Bankco,bank.casa_deposits,FY2026,3620160000
Bankco,bank.gross_npa,FY2026,339750000
Bankco,bank.net_npa,FY2026,135900000
Bankco,net_profit,FY2026,89523200
Bankco,total_equity,FY2026,907200000
Safeco,total_income,FY2025,2372500000
Safeco,net_profit,FY2025,42225000
Safeco,total_equity,FY2025,472500000
Safeco,total_assets,FY2025,9450000000
Safeco,insurance.net_earned_premium,FY2025,945000000
Safeco,insurance.claims_incurred,FY2025,661500000
Safeco,insurance.underwriting_expenses,FY2025,236820000
Safeco,insurance.net_investment_income,FY2025,75600000
Safeco,insurance.commissions_paid,FY2025,83790000
Safeco,total_income,FY2026,2775625000
Safeco,net_profit,FY2026,58590625
Safeco,total_equity,FY2026,531125000
Safeco,total_assets,FY2026,11017500000
Safeco,insurance.net_earned_premium,FY2026,1102500000
Safeco,insurance.claims_incurred,FY2026,771750000
Safeco,insurance.underwriting_expenses,FY2026,275812500
Safeco,insurance.net_investment_income,FY2026,89250000
Safeco,insurance.commissions_paid,FY2026,98227500
