entity,metric,period,value,basis
Bharat Ltd,revenue,FY2025,95000000000,consolidated
Bharat Ltd,gross_profit,FY2025,23750000000,consolidated
Bharat Ltd,pbt,FY2025,11400000000,consolidated
Bharat Ltd,net_profit,FY2025,8550000000,consolidated
Bharat Ltd,total_equity,FY2025,47500000000,consolidated
Bharat Ltd,total_assets,FY2025,142500000000,consolidated
Bharat Ltd,total_liabilities,FY2025,95000000000,consolidated
Bharat Ltd,operating_cash_flow,FY2025,7220000000,consolidated
Bharat Ltd,capex_ppe,FY2025,2850000000,consolidated
Bharat Ltd,revenue,FY2025,66500000000,standalone
Bharat Ltd,gross_profit,FY2025,16625000000,standalone
Bharat Ltd,pbt,FY2025,7980000000,standalone
Bharat Ltd,net_profit,FY2025,5985000000,standalone
Bharat Ltd,total_equity,FY2025,38000000000,standalone
Bharat Ltd,total_assets,FY2025,114000000000,standalone
Bharat Ltd,total_liabilities,FY2025,76000000000,standalone
Bharat Ltd,operating_cash_flow,FY2025,4792000000,standalone
Bharat Ltd,capex_ppe,FY2025,1900000000,standalone
Bharat Ltd,revenue,FY2026,112250000000,consolidated
Bharat Ltd,gross_profit,FY2026,28062500000,consolidated
Bharat Ltd,pbt,FY2026,13470000000,consolidated
Bharat Ltd,net_profit,FY2026,10102500000,consolidated
Bharat Ltd,total_equity,FY2026,57500000000,consolidated
Bharat Ltd,total_assets,FY2026,172500000000,consolidated
Bharat Ltd,total_liabilities,FY2026,115000000000,consolidated
Bharat Ltd,operating_cash_flow,FY2026,8470000000,consolidated
Bharat Ltd,capex_ppe,FY2026,3450000000,consolidated
Bharat Ltd,revenue,FY2026,78687500000,standalone
Bharat Ltd,gross_profit,FY2026,19671875000,standalone
Bharat Ltd,pbt,FY2026,9429000000,standalone
Bharat Ltd,net_profit,FY2026,7071750000,standalone
Bharat Ltd,total_equity,FY2026,46000000000,standalone
Bharat Ltd,total_assets,FY2026,138000000000,standalone
Bharat Ltd,total_liabilities,FY2026,92000000000,standalone
Bharat Ltd,operating_cash_flow,FY2026,5652000000,standalone
Bharat Ltd,capex_ppe,FY2026,2300000000,standalone
