metric,2026-01,2026-02,2026-03,2026-04,2026-05,2026-06
revenue,525000,587500,715500,758250,831075,914183
cost_of_goods_sold,315000,352500,429300,454950,498645,548509
gross_profit,210000,235000,286200,303300,332430,365674
operating_expenses,84000,94000,114480,121320,132972,146269
depreciation,10500,10500,10500,10500,10500,10500
amortization,2100,2100,2100,2100,2100,2100
pbt_before_exceptional,113400,128400,159120,169400,186858,206805
exceptional_items,0,0,0,0,0,0
pbt,113400,128400,159120,169400,186858,206805
tax_expense,34020,38520,47736,50820,56057,62042
net_profit,79380,89880,111384,118580,130801,144763
finance_costs,5250,5250,5250,5250,5250,5250
interest_paid,5250,5250,5250,5250,5250,5250
principal_repayment,42000,42000,42000,42000,42000,42000
total_equity,1050000,1130880,1242264,1360844,1491645,1636408
borrowings_noncurrent,420000,378000,336000,294000,252000,210000
borrowings_current,52500,52500,52500,52500,52500,52500
cash_and_equivalents,105000,147000,189000,210000,252000,294000
accounts_receivable,157500,176250,214650,227475,249323,274255
inventory,157500,176250,214650,227475,249323,274255
current_assets,420000,499500,618300,664950,750646,842510
current_liabilities,105000,117900,154200,163800,180090,198099
