entity,metric,period,value,currency
UsCo,revenue,FY2025,125000000,USD
UsCo,cost_of_revenue,FY2025,75000000,USD
UsCo,gross_profit,FY2025,50000000,USD
UsCo,operating_expenses,FY2025,25000000,USD
UsCo,operating_profit,FY2025,25000000,USD
UsCo,finance_costs,FY2025,1250000,USD
UsCo,pbt,FY2025,23750000,USD
UsCo,tax_expense,FY2025,7125000,USD
UsCo,net_profit,FY2025,16625000,USD
UsCo,total_assets,FY2025,375000000,USD
UsCo,total_equity,FY2025,150000000,USD
UsCo,current_assets,FY2025,93750000,USD
UsCo,current_liabilities,FY2025,62500000,USD
UsCo,total_liabilities,FY2025,225000000,USD
UsCo,revenue,FY2026,150000000,USD
UsCo,cost_of_revenue,FY2026,87000000,USD
UsCo,gross_profit,FY2026,63000000,USD
UsCo,operating_expenses,FY2026,28500000,USD
UsCo,operating_profit,FY2026,34500000,USD
UsCo,finance_costs,FY2026,1500000,USD
UsCo,pbt,FY2026,33000000,USD
UsCo,tax_expense,FY2026,9900000,USD
UsCo,net_profit,FY2026,23100000,USD
UsCo,total_assets,FY2026,450000000,USD
UsCo,total_equity,FY2026,180000000,USD
UsCo,current_assets,FY2026,112500000,USD
UsCo,current_liabilities,FY2026,75000000,USD
UsCo,total_liabilities,FY2026,270000000,USD
InCo,revenue,FY2025,7600000000,INR
InCo,cost_of_revenue,FY2025,4560000000,INR
InCo,gross_profit,FY2025,3040000000,INR
InCo,operating_expenses,FY2025,1520000000,INR
InCo,operating_profit,FY2025,1520000000,INR
InCo,finance_costs,FY2025,76000000,INR
InCo,pbt,FY2025,1444000000,INR
InCo,tax_expense,FY2025,433200000,INR
InCo,net_profit,FY2025,1010800000,INR
InCo,total_assets,FY2025,22800000000,INR
InCo,total_equity,FY2025,9120000000,INR
InCo,current_assets,FY2025,5700000000,INR
InCo,current_liabilities,FY2025,3800000000,INR
InCo,total_liabilities,FY2025,13680000000,INR
InCo,revenue,FY2026,9120000000,INR
InCo,cost_of_revenue,FY2026,5304000000,INR
InCo,gross_profit,FY2026,3816000000,INR
InCo,operating_expenses,FY2026,1824000000,INR
InCo,operating_profit,FY2026,1992000000,INR
InCo,finance_costs,FY2026,91200000,INR
InCo,pbt,FY2026,1900800000,INR
InCo,tax_expense,FY2026,570240000,INR
InCo,net_profit,FY2026,1330560000,INR
InCo,total_assets,FY2026,27360000000,INR
InCo,total_equity,FY2026,11040000000,INR
InCo,current_assets,FY2026,6840000000,INR
InCo,current_liabilities,FY2026,4560000000,INR
InCo,total_liabilities,FY2026,16320000000,INR
